model,split,accuracy
gpt2,dev,0.5195822454308094
gpt2,test,0.5269695979078131
