model,split,accuracy
gpt2-large,dev,0.5672323759791122
gpt2-large,test,0.551487414187643
