model,split,accuracy,parameters
distilgpt2,dev,0.5143603133159269,81913344
distilgpt2,test,0.5132396207911082,81913344
