model,split,accuracy,parameters
gpt2-large,dev,0.5672323759791122,774031360
gpt2-large,test,0.551487414187643,774031360
