model,split,accuracy,parameters
gpt2-medium,dev,0.5391644908616188,354824192
gpt2-medium,test,0.5485452762340635,354824192
