model,split,accuracy,parameters
gpt2,dev,0.5195822454308094,124440576
gpt2,test,0.5269695979078131,124440576
