model,split,accuracy,parameters
gpt2-xl,dev,0.5796344647519582,1557612800
gpt2-xl,test,0.5701209545603139,1557612800
