model,split,accuracy,parameters
openai-gpt,dev,0.5267624020887729,116536320
openai-gpt,test,0.5204315135665251,116536320
