model,split,accuracy,parameters
roberta-base,dev,0.5404699738903395,124697433
roberta-base,test,0.5491990846681922,124697433
